<?xml version="1.0" encoding="UTF-8" ?>
<!DOCTYPE mapper
PUBLIC "-//mybatis.org//DTD Mapper 3.0//EN"
"http://mybatis.org/dtd/mybatis-3-mapper.dtd">

<mapper namespace="com.smhrd.mapper.MemberMapper">
	<insert id="join" parameterType="MemberDTO">
		insert into web_member values(#{email}, #{pw}, #{tel}, #{address})
	</insert>
	
	<select id="login" parameterType="MemberDTO" resultType="MemberDTO">
		select * from web_member where email=#{email} and pw=#{pw}
	</select>
	
	<update id="update" parameterType="MemberDTO">
		update web_member set pw=#{pw}, tel=#{tel}, address=#{address} where email=#{email} 
	</update>
	
	<select id="showMember" resultType="MemberDTO">
		select * from web_member
	</select>
	
	<delete id="deleteMember" parameterType="String">
		delete from web_member where email=#{email}
	</delete>
</mapper>